login,first_name,last_name,email
a-pca7250,Arnie,Villacampa,arnie.villacampa@dxc.com
a-ppj7780,Rachell,Mangalino,rachell.mangalino@dxc.com
a-gze9563,Moises,Manalangsang,moises.manalangsang@dxc.com
a-giy7244,Jenny,Zamora,jenny.zamora@dxc.com
a-vur9774,Paul,Estor,paul.estor@dxc.com
a-lsh4069,Vernalyn,Zaquita,zaquita@dxc.com
a-hjx5696,Lee,Benas,leejohn.benas@dxc.com
